,A,B,C,D 
01-01-2000,2.339091087,0.836356941,0.353557447,2.041232589
02-01-2000,0.225015911,1.137034364,0.117284085,-1.25338189
03-01-2000,0.078962832,0.517056779,0.582900356,1.478637517
04-01-2000,-0.738807548,0.927026707,1.056516577,1.015084964
05-01-2000,0.094019968,2.778575527,1.381917513,1.291435556
06-01-2000,0.108835247,1.741147445,1.2374822,-0.501908501
07-01-2000,2.111132314,1.287674003,1.183011759,2.359046222
08-01-2000,-0.290901082,0.450753207,0.174816565,1.328940016
09-01-2000,-0.689654535,1.818015529,2.137703717,1.334529799
10-01-2000,1.416579917,-0.188162164,1.753228675,0.271775946
11-01-2000,1.328968117,-0.087598335,2.352826874,1.99773288
12-01-2000,1.263585064,0.812379913,-0.083475015,0.900750013
13-01-2000,0.70699276,0.186289628,3.726992974,2.869973172
14-01-2000,2.108677892,0.66021834,2.923170344,1.156139776
15-01-2000,2.818885735,1.979137411,1.554316918,1.564793372
16-01-2000,2.027912814,1.419563842,1.684418988,-1.063247981
17-01-2000,0.983227686,1.078901657,0.72817432,2.955716927
18-01-2000,1.430984573,0.58419735,2.373314845,0.615448747
19-01-2000,0.967529128,0.569011718,0.537908821,0.888034986
20-01-2000,-0.350662917,1.522400414,1.675805569,2.265996266
21-01-2000,-2.693201135,1.113584204,-0.396540624,0.488348169
22-01-2000,1.150586043,0.937400684,-1.156833156,1.371904924
23-01-2000,2.250711099,-0.827653382,2.383236108,1.180290444
24-01-2000,0.611005544,-1.232772619,2.463253858,0.591303684
25-01-2000,1.537929145,2.245083648,-0.643805902,2.285649732
26-01-2000,1.876444237,1.54112988,0.88028937,2.496264773
27-01-2000,0.665278873,0.229614134,0.677648461,1.024414838
28-01-2000,0.814174389,1.123725882,2.177777093,1.800961743
29-01-2000,0.697057968,1.779980653,0.81347104,2.200556216
30-01-2000,1.391695443,2.857841338,1.841039628,1.816690455
31-01-2000,2.53401267,1.341497154,2.654697673,0.523567554
01-02-2000,0.990346405,1.418320229,2.339987033,1.36980293
02-02-2000,0.481574615,0.521704138,-0.045842414,-0.315063077
03-02-2000,0.116387711,0.17499728,1.509919564,1.330263549
04-02-2000,0.590828247,-1.213605376,1.439530652,0.733990432
05-02-2000,0.843638286,-0.059009424,-0.739454079,1.641480282
06-02-2000,1.975060008,-0.165890767,0.290496563,3.641867644
07-02-2000,1.005306757,1.497221892,2.09960578,0.300836143
08-02-2000,1.669252578,1.094332187,0.617697862,-1.142954525
09-02-2000,1.086462689,-1.28948716,0.573923651,1.193844289
10-02-2000,0.879171335,1.181260786,1.978206504,2.201424155
11-02-2000,2.404176793,0.414730432,0.963804311,2.14068924
12-02-2000,0.811135895,1.043074229,2.648442425,3.411106113
13-02-2000,1.363112455,0.342261099,-0.2279727,0.948131299
14-02-2000,0.996932298,1.216070605,1.700053821,-0.760230189
15-02-2000,1.154691037,0.293680726,-0.861527072,1.233640413
16-02-2000,0.589680637,0.898899482,0.820521332,0.239232481
17-02-2000,1.129331252,3.522329974,0.6333412,0.296415478
18-02-2000,2.041715476,0.22308003,2.525560933,1.162204115
19-02-2000,-0.148803717,-0.157793006,2.345498997,0.962495262
20-02-2000,1.20632898,1.549117948,2.357201916,2.285188733
21-02-2000,2.300788773,1.294988268,1.253788679,-0.006338949
22-02-2000,0.897666575,2.478065666,-0.675257407,-0.549422886
23-02-2000,0.549992045,0.973302759,0.233341256,1.954344431
24-02-2000,0.826951298,0.366578217,0.771146607,-0.14836812
25-02-2000,1.189555422,1.097300019,1.429439458,1.975415441
26-02-2000,1.012943375,-0.096171463,0.309131714,-0.073525246
27-02-2000,1.159603789,2.057105684,-0.45339983,-0.355561657
28-02-2000,1.59283084,1.463887689,1.727880443,-0.096481041
29-02-2000,1.816385771,-0.074844184,0.930618947,0.956096205
01-03-2000,0.209163929,0.708667282,-0.555071972,0.83445668
02-03-2000,-1.098143438,0.405889031,0.704818622,0.784089961
03-03-2000,0.833160334,1.47767554,0.880576216,0.453484006
04-03-2000,0.080644146,2.437287555,-0.090472444,-2.016632181
05-03-2000,1.746057987,-0.414862408,0.89784246,1.006394949
06-03-2000,1.314422096,0.510505735,-0.219043178,2.506717513
07-03-2000,2.130833947,1.082669692,2.476685277,1.073629642
08-03-2000,0.056487948,1.809377432,1.942978759,0.832638991
09-03-2000,0.366790415,2.245363499,0.105534864,1.898132409
10-03-2000,0.61468077,-0.173968609,-0.158731119,0.945271441
11-03-2000,1.524080955,2.105149645,0.120801554,1.878871812
12-03-2000,2.399149225,1.246546742,0.839191865,0.921683693
13-03-2000,-0.116298925,1.634168271,1.801393106,2.885236624
14-03-2000,0.815926558,2.00834773,2.283722718,1.092003797
15-03-2000,1.034715099,0.489731784,1.713545961,0.809452894
16-03-2000,0.816782748,0.368301517,0.227126367,0.804264071
17-03-2000,0.441565653,1.292113904,0.04873822,1.710084964
18-03-2000,1.553002285,3.173454339,1.56265988,1.098112401
19-03-2000,1.938618237,1.488479217,2.114278305,-0.302644119
20-03-2000,1.732363023,0.90245103,1.290554205,1.237091566
21-03-2000,0.484509777,0.376648649,1.321587802,1.462336838
22-03-2000,1.803201312,0.218423605,1.735743593,1.006632522
23-03-2000,1.970938142,1.167405054,-0.97578738,0.914645818
24-03-2000,1.049374837,0.391279477,0.583406415,1.648034854
25-03-2000,0.401089292,1.55702584,2.668360209,1.706000468
26-03-2000,0.290354416,-0.070921744,1.12303853,-0.597267762
27-03-2000,-0.009224867,0.757393416,1.476573526,1.5417816
28-03-2000,0.344864861,2.830656782,2.624091478,1.175557089
29-03-2000,0.600990893,-1.002995618,-1.14183754,1.217973835
30-03-2000,1.545870855,2.046029885,1.59014847,0.666513337
31-03-2000,0.413132682,1.115327823,2.419449802,-0.391711814
01-04-2000,2.204682566,1.491473434,1.736980479,1.242558628
02-04-2000,-0.368050589,-0.145054746,0.289704303,1.38332761
03-04-2000,0.348575626,1.199589909,0.038211685,2.680671339
04-04-2000,1.621920783,0.949806746,-0.013655955,1.74884233
05-04-2000,0.095311598,1.635586402,1.440469546,0.684056716
06-04-2000,1.320426017,0.676942496,1.840806184,-0.934217207
07-04-2000,2.080899977,0.286823903,0.983344968,-0.115938063
08-04-2000,2.553239321,1.007179598,1.033412194,-0.077337486
09-04-2000,0.195308904,1.356259552,-0.123738588,2.111182424
10-04-2000,2.779316969,0.787969747,-0.628072699,0.20719507
11-04-2000,0.461121637,0.028800367,0.18604593,3.452052106
12-04-2000,1.417506956,0.393891923,-0.11458234,0.523976793
13-04-2000,1.309599644,1.002151254,1.494622613,1.841265373
14-04-2000,1.057002371,-0.544585662,-1.225504239,-0.976058917
15-04-2000,1.652285275,2.371518103,0.20733247,1.309217826
16-04-2000,0.445256405,-0.047242361,-1.603835355,1.22637623
17-04-2000,2.335646712,0.688524201,1.223214781,3.825921
18-04-2000,1.515476653,2.547401597,-1.163852766,0.638252359
19-04-2000,0.563676692,-0.163555128,1.070621352,0.900947121
20-04-2000,2.980222949,0.396595467,2.014979729,1.163597965
21-04-2000,0.837067774,2.361158127,1.845861582,0.995731491
22-04-2000,-0.470098931,3.008772055,-0.445290607,0.323045043
23-04-2000,2.519366624,2.961632543,1.230390803,3.879793058
24-04-2000,0.702273114,1.855218925,0.553814212,1.209586332
25-04-2000,0.656690983,2.209640282,0.922250411,0.352398228
26-04-2000,0.251682693,1.239962073,0.758389821,1.321594835
27-04-2000,-1.21033427,1.033414086,0.263858084,-0.110030702
28-04-2000,2.522018217,1.687082041,0.737812905,2.151383677
29-04-2000,0.213443817,-0.949055174,1.357532152,1.184251883
30-04-2000,-1.30683875,0.239989657,0.949938811,0.186110211
01-05-2000,2.37696722,0.556792546,1.065442414,0.66917137
02-05-2000,0.442654775,1.244431753,1.142145892,2.23349758
03-05-2000,1.730929175,-0.224719971,-0.567026349,0.14352577
04-05-2000,2.157758335,1.789947504,-0.418863277,1.493476074
05-05-2000,0.317780805,-0.394161121,0.25606865,-0.351291858
06-05-2000,1.654338525,-0.085007889,0.136035733,2.897136879
07-05-2000,0.647885552,-0.431851238,1.228434944,1.485282079
08-05-2000,0.495063944,1.06766411,0.00663092,1.75746663
09-05-2000,1.663962427,3.176588722,2.578423133,2.322677961
10-05-2000,0.973685085,0.791552473,0.503431855,1.094386102
11-05-2000,1.347223875,0.263355745,1.628454681,2.087940208
12-05-2000,1.009137813,1.626952942,1.37165259,1.289159922
13-05-2000,2.123966861,1.408790048,0.128362662,0.752607947
14-05-2000,1.010586633,1.078659058,-0.103172414,-0.410963409
15-05-2000,1.926034371,1.478615562,0.420792239,2.904811108
16-05-2000,0.360937942,-0.825941747,1.751821959,-0.463291617
17-05-2000,0.150873688,2.904628057,0.818592873,1.350342053
18-05-2000,1.997428407,0.056235931,1.847215634,1.314972111
19-05-2000,1.007936361,1.481202267,0.313909205,-0.927841284
20-05-2000,3.7681106,1.380201459,1.862157442,-0.748787527
21-05-2000,-0.100219571,2.325842892,2.028541724,1.061221454
22-05-2000,1.334291605,-0.532489419,1.06168676,0.474688744
23-05-2000,-1.311736113,-0.647122065,0.539533711,3.646368281
24-05-2000,0.625998375,2.052781116,1.889047004,-0.798328412
25-05-2000,1.88583795,3.421852609,-0.924293011,1.166982514
26-05-2000,1.48947916,1.792640063,1.252872234,1.547325608
27-05-2000,0.60544551,0.020720776,2.637893409,1.218574178
28-05-2000,1.247860169,0.522173783,1.056682463,1.463195792
29-05-2000,1.257223808,0.568224664,0.12544005,0.501396744
30-05-2000,0.430151581,1.149429908,0.37213681,-0.211457238
31-05-2000,1.733407096,3.445328617,1.691858925,0.683764354
01-06-2000,-0.127716431,1.422935296,1.036600195,0.452642806
02-06-2000,0.537565429,0.811004181,0.259145298,-0.003182177
03-06-2000,1.534962627,1.935609262,-0.561016636,1.042932291
04-06-2000,0.974540253,3.909306306,1.439365941,3.341730842
05-06-2000,0.384062101,1.753709367,2.234285704,1.509483026
06-06-2000,2.098582365,2.552923472,1.282374517,0.994941376
07-06-2000,2.419253891,1.850486607,2.583186738,2.120713604
08-06-2000,0.346327843,1.523064013,0.860108602,1.86635151
09-06-2000,-0.047418123,1.93476074,1.005370385,1.729064962
10-06-2000,0.849927173,2.329421645,2.730017075,1.308778666
11-06-2000,0.852375857,2.178006711,1.881298324,2.0001612
12-06-2000,0.689384099,1.585247843,2.063297605,0.132197935
13-06-2000,1.250686643,0.373455649,1.303139364,0.622665531
14-06-2000,-1.11033786,0.829707511,0.382655905,0.397183536
15-06-2000,0.500508357,1.465350801,-0.008755305,0.600636827
16-06-2000,0.044206469,0.910709271,1.843536288,-0.520861186
17-06-2000,2.493866983,0.277098019,2.195759169,-0.795980677
18-06-2000,0.173146106,4.199850021,-0.228032315,1.365614242
19-06-2000,1.131433541,1.468044184,3.517138435,0.686969204
20-06-2000,0.963363073,0.057762868,1.294442517,1.979550908
21-06-2000,1.681464918,0.396298833,0.816267562,1.123917955
22-06-2000,1.436290199,1.317416887,1.096353251,1.605805605
23-06-2000,0.322140595,0.923005031,-0.037168256,0.893321352
24-06-2000,0.534022001,0.588740395,0.874430492,-0.866387666
25-06-2000,0.124025759,1.122211695,1.080220173,0.784141565
26-06-2000,2.406629857,2.283342675,0.937775854,0.954364607
27-06-2000,2.436203182,0.316312733,1.836478936,1.576406412
28-06-2000,-0.128942705,2.022508024,1.26338998,0.47157053
29-06-2000,2.20579543,-1.233854141,2.338604995,-0.966898622
30-06-2000,0.778591203,1.724260688,1.385665256,0.099637993
01-07-2000,1.885611426,-0.823705252,1.301646149,-0.850820174
02-07-2000,1.164324394,0.848499285,0.95536087,0.920143152
03-07-2000,1.406644185,1.110691327,0.076220729,1.382706462
04-07-2000,-0.358572307,0.789634069,-0.243387705,0.871644476
05-07-2000,0.020289572,0.965392991,1.085128059,1.340041016
06-07-2000,1.008506407,1.670796155,0.965009183,2.290670048
07-07-2000,0.498918373,0.619476163,-1.583826352,2.102477479
08-07-2000,1.380570097,2.258492622,0.204538707,1.180816417
09-07-2000,-0.171558254,1.326151266,1.49758402,2.589596632
10-07-2000,2.535851063,1.873191009,2.186759925,0.128495509
11-07-2000,0.583606291,0.188943034,1.878228495,0.59177753
12-07-2000,-1.072605911,1.42262509,-0.870192001,1.988997749
13-07-2000,0.389557508,2.578112603,-0.156864793,-0.756581456
14-07-2000,-0.685032394,-0.859185737,-0.465055518,1.3749186
15-07-2000,-0.235499968,1.621673219,1.064782757,1.025566322
16-07-2000,-0.033157663,1.048321572,-0.864407538,2.284728501
17-07-2000,-1.411759668,2.33737431,-0.039430114,-0.438235205
18-07-2000,1.041229756,1.060753205,1.709803556,1.106165702
19-07-2000,1.671709347,-0.640227103,1.480455821,1.419313399
20-07-2000,1.32686415,1.831895186,1.560006877,1.286354656
21-07-2000,1.273747913,2.055498899,0.079774105,2.368004403
22-07-2000,2.536995024,1.272350927,1.202862151,0.659682195
23-07-2000,0.194959771,1.248626541,0.096457067,0.589039935
24-07-2000,1.461505598,0.448206627,1.19058645,0.993537315
25-07-2000,2.05106846,1.989072909,1.728809186,1.35184443
26-07-2000,2.359566927,1.077655366,2.003468338,1.990613626
27-07-2000,0.203489016,1.706033446,1.058763297,-0.62732265
28-07-2000,0.181011726,1.618420672,0.024971955,0.782401317
29-07-2000,2.338423003,1.39505295,0.335933831,1.431621961
30-07-2000,2.976993356,-0.286966186,1.796288577,-0.096284689
31-07-2000,-1.223966589,-0.182193921,1.934336639,1.407393958
01-08-2000,1.476462954,2.409332021,0.716865768,-0.793020662
02-08-2000,0.591910624,1.976215776,2.047329084,1.220743975
03-08-2000,0.988557801,1.431196445,0.239182045,2.080255293
04-08-2000,0.92434248,1.426821577,2.490075812,1.152709288
05-08-2000,-0.092318156,0.812354905,0.667124462,2.663461788
06-08-2000,2.433292113,1.548817661,1.1704834,1.890945996
07-08-2000,1.073776545,0.302935909,0.768880156,1.851959126
08-08-2000,-0.527379716,0.101123652,1.319902186,1.060887921
09-08-2000,2.582104536,2.081849274,-1.098950465,1.81206028
10-08-2000,1.510449642,2.551218947,1.163009292,3.182940951
11-08-2000,0.489566155,1.608076072,1.226277743,1.301783114
12-08-2000,1.238585778,1.454609269,0.253270431,1.611892475
13-08-2000,0.272676701,1.779986492,1.843389627,1.766860303
14-08-2000,1.353475468,-0.63229457,-0.463351534,-0.646703307
15-08-2000,0.812037025,0.601433761,2.042411075,0.997460961
16-08-2000,1.657289081,1.679139615,2.425337513,2.033521068
17-08-2000,1.540377616,-0.009105103,1.676707275,-0.045373053
18-08-2000,1.135621421,-0.866887045,0.664528277,0.59470186
19-08-2000,1.262426713,-0.183323607,-1.231401597,0.455959566
20-08-2000,-0.261516009,1.423380654,0.222452515,1.465670661
21-08-2000,3.158408992,-0.354800725,2.316139918,1.243924103
22-08-2000,2.456546063,1.909349197,2.208102494,1.095377862
23-08-2000,1.194724419,2.199399564,2.111368512,1.129597556
24-08-2000,1.343759658,2.101096327,0.458496148,0.506907182
25-08-2000,-0.144551761,0.862097339,0.638831917,2.054604927
26-08-2000,0.679242493,0.174241929,1.972265947,0.00651307
27-08-2000,0.77987543,2.697263601,-0.387350951,3.496387778
28-08-2000,-1.133130003,-0.727131283,1.033463887,0.183444834
29-08-2000,-0.891289786,0.759481895,2.5501295,0.890075993
30-08-2000,1.367533722,1.003299167,2.989878388,-2.110464378
31-08-2000,1.763147709,1.426660795,2.194975331,2.023835512
01-09-2000,1.238020476,2.394466867,-0.086700634,0.599136854
02-09-2000,1.31812897,0.450935047,1.577126749,-0.017205188
03-09-2000,1.327106175,0.820432897,-0.350603703,1.571729222
04-09-2000,-0.488440793,1.577308691,1.836313044,0.535034363
05-09-2000,-1.365196929,0.272683802,0.703835562,1.53755754
06-09-2000,-0.195877424,1.865071453,1.589304009,1.139736185
07-09-2000,-1.048783683,0.916177518,1.068002931,0.929565225
08-09-2000,-0.002592497,-0.929233987,1.882663132,2.288629192
09-09-2000,2.10912821,1.545844526,1.669678859,2.907871405
10-09-2000,1.926012135,1.188863786,0.176445547,1.614248241
11-09-2000,2.442451623,0.545172216,0.610723629,-0.919637022
12-09-2000,0.307292498,0.479836748,0.726306375,0.476890083
13-09-2000,0.343203198,1.537826005,1.264985076,1.138986927
14-09-2000,1.493671648,0.758813349,2.091362966,1.832768027
15-09-2000,0.326864179,1.121075944,1.751242706,0.928158242
16-09-2000,1.61861088,2.874856881,2.608593832,2.641789356
17-09-2000,2.13644346,0.708801407,1.040542823,0.345735056
18-09-2000,-0.325064637,1.905023718,0.696115825,2.320117373
19-09-2000,0.720512167,-0.301785458,2.360642243,1.74149772
20-09-2000,1.574305545,0.959744309,1.916352081,0.127244408
21-09-2000,0.66952085,2.931093457,-0.253378635,0.748615687
22-09-2000,1.366321985,0.226013014,0.561351835,-0.564871146
23-09-2000,2.423219107,2.977165621,1.099359601,-0.684854941
24-09-2000,1.628148396,0.04411804,0.987391159,1.992849532
25-09-2000,1.003609118,1.636463049,2.441797413,0.438321887
26-09-2000,1.419144718,0.278601634,3.07219262,1.834206927
27-09-2000,1.667154178,2.57623108,0.589922961,1.455923108
28-09-2000,0.690975045,1.034096524,0.27161631,0.461590601
29-09-2000,0.915363584,2.372794138,1.185468069,0.852021018
30-09-2000,1.06660234,2.82120869,2.537155215,1.275885078
01-10-2000,0.331802581,1.195064281,0.580828651,-0.300259157
02-10-2000,3.120693422,0.455829804,-0.207810141,1.778639872
03-10-2000,-0.337663472,1.512514636,1.570504276,1.429645787
04-10-2000,1.482994808,2.493305571,0.301758589,1.133211893
05-10-2000,-0.187352868,-0.857450435,0.63896265,0.438012224
06-10-2000,-0.054182195,-0.138437533,0.349566077,1.27043696
07-10-2000,2.815474935,-1.162150969,1.053811998,0.597362049
08-10-2000,-0.625203887,-1.07922641,0.138118108,1.871046001
09-10-2000,1.32257282,-0.536983376,2.098879071,-0.983980043
10-10-2000,1.582647861,1.94638677,1.772444365,0.031514325
11-10-2000,0.100161555,2.083816799,2.587355223,0.459661106
12-10-2000,1.506787586,0.281606748,0.198207461,1.866592596
13-10-2000,-0.933687547,-1.028981457,3.431737717,-0.202786534
14-10-2000,-0.337034163,0.862104613,1.15881566,1.742866569
15-10-2000,0.981507784,1.478326908,1.059995987,-0.009170989
16-10-2000,1.5432517,2.316007831,0.75734051,0.572374953
17-10-2000,0.566577846,-0.658761161,0.265502932,3.335722876
18-10-2000,0.548043513,1.144868033,-0.026196403,1.986042149
19-10-2000,2.143665446,2.500310821,-0.076128065,0.875372395
20-10-2000,1.038641168,1.42844556,-0.161109463,1.192083023
21-10-2000,0.261963568,0.023170426,1.676810814,0.607205954
22-10-2000,-0.516029928,1.665915298,0.858785374,-0.904452746
23-10-2000,1.690983165,1.626962074,0.448381295,0.856440968
24-10-2000,1.513519035,0.709779477,-0.171686842,2.285646005
25-10-2000,1.810258431,1.276633454,1.015864327,-1.17126778
26-10-2000,2.749207226,0.783882085,1.050901242,0.617784382
27-10-2000,1.885993871,2.303531277,1.003844682,1.487295307
28-10-2000,1.288099446,-0.061296173,-0.219877762,2.036508831
29-10-2000,0.75797155,-1.315235243,0.987127978,0.841330778
30-10-2000,1.881914141,0.853548415,0.713382566,1.645322641
31-10-2000,0.514155327,2.396004317,-0.209462679,0.319959415
01-11-2000,1.760573054,0.472217468,1.316991748,0.6399226
02-11-2000,-1.852503452,0.812400587,0.413795079,-0.038006555
03-11-2000,1.370840729,1.034813544,-0.57719519,-0.178780589
04-11-2000,1.09390294,1.834253026,2.490490342,0.819815821
05-11-2000,0.111277662,2.330005493,-0.178797055,1.688325899
06-11-2000,1.52807722,2.040784709,2.31570113,1.955102138
07-11-2000,1.210814447,2.775643396,0.899823385,0.918443586
08-11-2000,0.614775128,1.266555805,0.960105454,0.70915711
09-11-2000,-0.222431688,0.586937773,1.661435863,1.549713106
10-11-2000,0.937347593,1.590829251,0.274305409,1.93558714
11-11-2000,1.815846876,1.853559331,3.293408505,0.359610947
12-11-2000,0.382869988,2.062389865,1.340210977,1.855912299
13-11-2000,2.294695558,1.018513437,2.776106485,-0.59148873
14-11-2000,-0.511666481,0.466638523,1.728783877,2.358436128
15-11-2000,1.637388153,3.414547804,0.932718526,2.995621994
16-11-2000,1.206661452,-0.017768201,1.557606301,0.560819114
17-11-2000,2.475482383,1.676959875,0.020264362,3.012714444
18-11-2000,2.104585019,2.153737502,-0.215132058,0.01533411
19-11-2000,1.668283581,1.422476688,0.452783956,1.036185637
20-11-2000,0.119311109,0.982370045,1.980899243,1.21088683
21-11-2000,1.820078667,1.160549911,-0.30689705,0.097995249
22-11-2000,-0.17691056,0.020511918,1.466340427,0.934087425
23-11-2000,-0.102609544,2.698347919,-1.370201836,0.552109432
24-11-2000,1.788690145,2.274848306,1.424122859,1.936821784
25-11-2000,0.218241216,0.752547462,0.421682928,0.879384705
26-11-2000,-1.400572535,2.009343041,2.953698814,0.730483164
27-11-2000,0.863611328,0.537714534,0.421745547,1.203319607
28-11-2000,2.39096681,3.233727432,2.129442879,2.40007007
29-11-2000,0.780791149,0.372865265,-0.749802756,1.469172698
30-11-2000,2.691786322,-0.551033543,0.11054847,1.406767668
01-12-2000,1.157367632,1.967923607,-0.181235188,0.876454261
02-12-2000,1.513474381,0.472055381,1.318536094,2.040012975
03-12-2000,0.795698522,-0.029171282,1.697922858,2.744088205
04-12-2000,-0.048770779,-1.401956126,0.431394408,3.028776334
05-12-2000,0.492048544,0.069597562,-0.006023724,0.607065343
06-12-2000,1.793004605,1.6967213,1.595055492,-0.544686789
07-12-2000,0.199169934,2.184003517,-0.516752072,1.80327813
08-12-2000,-0.152699474,1.819857775,1.519546854,1.058516733
09-12-2000,-0.059122991,1.348058298,0.274248153,-0.339909759
10-12-2000,1.693629991,0.664733987,0.524696571,0.828656965
11-12-2000,0.482233981,0.879517335,-0.557278807,0.249438064
12-12-2000,-1.077401231,0.677346705,1.271831888,2.632564378
13-12-2000,1.259788574,3.390796852,1.074632322,1.226812771
14-12-2000,1.25198832,0.013946574,0.948138238,2.417117322
15-12-2000,0.970867209,-0.832182582,1.537847917,-0.796530685
16-12-2000,0.551615675,0.676325987,1.889886252,1.133475787
17-12-2000,0.480183186,1.5374359,0.504784609,0.551110139
18-12-2000,1.165215221,0.062085264,0.8670174,0.062495211
19-12-2000,0.850459102,1.552742936,1.490211583,0.406473994
20-12-2000,2.370193436,1.591530928,0.685060641,1.430052797
21-12-2000,0.112352586,3.443514455,0.365566759,0.449672584
22-12-2000,1.271863285,0.478801175,1.991488354,1.532596571
23-12-2000,0.609678043,0.23659033,3.074868935,0.917952227
24-12-2000,0.155931325,1.509263758,1.751389156,0.984793596
25-12-2000,1.421504923,0.715639463,0.001756974,1.885441577
26-12-2000,0.687518758,-0.91035487,1.784717552,2.325960758
27-12-2000,2.393613557,1.724450602,1.717224168,2.074819155
28-12-2000,0.421908776,3.469387689,-0.445821201,0.350780948
29-12-2000,1.595991078,1.278061376,3.417984266,1.130979187
30-12-2000,2.529119508,-1.047260072,1.203248491,0.238709687
31-12-2000,1.28143129,1.232662864,2.696883981,2.457065708
01-01-2001,1.64174389,1.447443724,0.835033345,2.636369128
02-01-2001,1.982499726,0.839574431,0.654837781,0.388148376
03-01-2001,0.370262859,0.944188854,-1.492253996,2.578219738
04-01-2001,1.342441506,1.945311209,-1.08990087,-0.67596394
05-01-2001,2.186245094,-1.041272825,0.91291022,1.772873745
06-01-2001,0.156379291,1.534598083,1.353038641,2.033964529
07-01-2001,0.076753265,1.948915784,-0.689678215,2.208877736
08-01-2001,0.705199249,1.682548944,1.47033929,2.081787426
09-01-2001,1.588367325,0.950244346,0.572279396,-0.240801601
10-01-2001,0.447909657,0.349672451,0.407765771,1.178333301
11-01-2001,1.369421407,1.089046401,1.7709171,1.172318917
12-01-2001,1.238250735,3.185158528,0.457214552,0.259350245
13-01-2001,0.720490525,1.266224682,0.978588023,0.237133702
14-01-2001,0.414856872,-0.548296046,0.68795703,1.351149999
15-01-2001,1.598343159,-0.162154072,1.814158089,3.261940167
16-01-2001,-0.026381059,0.497010722,0.675347997,2.269691242
17-01-2001,0.435819193,1.408698696,0.305866446,0.899786709
18-01-2001,-0.315348475,1.272884165,0.751899753,3.562291263
19-01-2001,1.108865752,0.854626272,-0.07260235,0.977710801
20-01-2001,-0.049806169,0.32254808,2.259771824,2.192554349
21-01-2001,1.932281352,-0.080895251,1.32363491,1.281244146
22-01-2001,0.229724575,0.689526542,1.389499591,1.128164354
23-01-2001,0.909431906,0.560391884,0.667348286,-0.114843045
24-01-2001,0.415341888,0.293109674,1.146431164,1.815687847
25-01-2001,-0.526309187,0.799850572,0.91110541,0.115367839
26-01-2001,2.881291169,1.308201634,1.227283488,3.414219741
27-01-2001,1.169403671,0.971058481,0.472190597,1.223950708
28-01-2001,0.670271925,0.685188001,0.615980019,0.873263466
29-01-2001,2.540719921,0.699260502,2.374526881,1.534648336
30-01-2001,0.339448488,1.231568347,0.490344273,1.623038063
31-01-2001,2.250290197,0.766004553,1.595232302,3.842816136
01-02-2001,0.47038573,-0.108818744,1.406580781,0.904684529
02-02-2001,0.353804025,0.492552966,2.245978913,1.352540845
03-02-2001,1.08690667,0.478009417,0.457731512,0.633980004
04-02-2001,1.957015774,1.448829216,2.404632042,3.370793687
05-02-2001,1.478215283,2.008679672,1.2281933,0.864382437
06-02-2001,0.611333836,0.861294799,1.97022142,0.466809314
07-02-2001,-0.097093092,0.483183005,-0.704274771,2.112201382
08-02-2001,0.556114841,2.592734202,1.426017716,0.936398681
09-02-2001,0.985446937,1.316914952,0.701004915,2.092615137
10-02-2001,0.867429472,1.391137364,1.110282528,-0.4525796
11-02-2001,0.13981232,0.218308728,1.781082204,0.406005844
12-02-2001,0.992212136,0.326460915,0.661332698,2.944223558
13-02-2001,-0.15476348,1.595335945,0.80334324,0.546553732
14-02-2001,1.694486463,1.389069196,0.974097555,0.073017307
15-02-2001,3.101270302,1.47455873,1.902039989,-0.546444416
16-02-2001,0.630405768,1.308445903,0.742485401,0.106577694
17-02-2001,0.886127329,2.773288277,0.838861171,-0.179915786
18-02-2001,0.990745248,1.382176457,1.22543532,0.459359619
19-02-2001,0.389331049,1.518259678,1.053291534,1.588359889
20-02-2001,3.014015696,0.483080935,1.208224309,0.416648401
21-02-2001,1.596158005,1.04672062,1.946361062,0.288394198
22-02-2001,1.179023145,0.809725612,1.761636629,0.915117572
23-02-2001,-0.312708195,2.850266628,2.51799373,0.990694179
24-02-2001,2.066796021,1.616388764,1.178537373,-0.441562307
25-02-2001,2.650535125,4.071613264,0.290937186,1.412069391
26-02-2001,0.603534215,1.164581127,2.248284189,0.41859073
27-02-2001,-1.139150309,2.597177846,0.397117116,2.352525255
28-02-2001,0.770293163,-0.267235121,1.597461419,0.366283544
01-03-2001,2.036613369,0.852924759,-0.443580382,-0.199481589
02-03-2001,-0.56539553,1.336665949,0.52249166,2.039520221
03-03-2001,0.473133444,0.179822067,-0.690099834,0.102976524
04-03-2001,1.904171483,1.488589157,0.835734153,0.32513415
05-03-2001,0.664896462,0.138018306,0.501157361,0.104329242
06-03-2001,1.251390915,1.108232272,-0.383849023,1.841792035
07-03-2001,1.152351711,0.819720369,1.72170887,2.242187309
08-03-2001,1.691442305,1.80220699,0.005252044,1.281902235
09-03-2001,0.328258945,-1.335971066,1.507168377,-0.013456946
10-03-2001,2.689453145,2.666825718,0.305659342,0.348119703
11-03-2001,-0.555181505,-0.629223476,1.081778181,2.43178318
12-03-2001,1.582637183,2.121429097,0.458002778,-0.724695441
13-03-2001,1.331208731,2.413700895,1.23726766,-1.280641081
14-03-2001,0.202802645,0.4956376,0.209717606,-1.113578186
15-03-2001,0.506739798,2.344971487,1.03948442,1.295363056
16-03-2001,1.775323971,0.62725716,1.949995345,-0.25947434
17-03-2001,-0.678971,0.753641313,1.158668441,2.549105831
18-03-2001,-0.52989749,0.570277119,2.287340283,-0.355823472
19-03-2001,0.238112326,1.321786559,1.164173908,0.258668021
20-03-2001,1.867771315,0.094080492,1.914303496,2.083816909
21-03-2001,1.895823017,3.034499938,0.862069715,0.944253185
22-03-2001,1.08962374,0.936560822,0.99166015,1.615482604
23-03-2001,-0.075430163,-0.036849199,0.909726256,0.604752464
24-03-2001,0.947388697,1.034483897,1.497478344,1.183423563
25-03-2001,1.149874483,-0.247287049,2.432171111,0.349326121
26-03-2001,0.533542815,0.234604707,0.744157037,2.059271896
27-03-2001,-0.335908082,0.252119427,1.761211517,1.686496115
28-03-2001,0.266843686,1.275312604,1.504554809,0.852364952
29-03-2001,-0.614261607,0.965630357,2.820808347,1.532746138
30-03-2001,1.326102904,1.861597982,0.724031342,2.825484335
31-03-2001,1.995697457,0.691474599,1.044745571,-0.045552078
01-04-2001,0.981832296,0.756791805,2.106381033,2.2281776
02-04-2001,0.714981718,0.267465293,0.720970681,1.154878598
03-04-2001,1.052780941,1.014027106,0.307936478,0.079172742
04-04-2001,1.122520517,-0.061800045,0.477718028,2.215498398
05-04-2001,-1.520533905,-0.003404204,0.632609957,1.409304355
06-04-2001,0.86305112,0.535094542,0.322181973,0.850761299
07-04-2001,2.868760186,0.737046189,1.708678622,2.355446764
08-04-2001,-0.181465524,2.526207299,0.570017362,3.059924298
09-04-2001,0.361910442,0.056373417,1.238552255,1.35814941
10-04-2001,1.379465182,1.083671293,1.436366441,0.310512987
11-04-2001,1.22649506,-0.1688695,0.418475348,0.260955758
12-04-2001,1.927954006,0.575240595,0.925401755,2.189624336
13-04-2001,1.612204289,0.681594869,-0.138284091,0.269053359
14-04-2001,1.487696291,0.258960615,2.784185694,0.89911577
15-04-2001,2.84300318,1.117348197,3.559410399,2.182818444
16-04-2001,2.428801481,-0.201703454,-0.387380939,-0.561260137
17-04-2001,0.908313874,1.970661941,0.816725943,-0.233548467
18-04-2001,0.826401095,2.722620221,0.340009357,1.551079377
19-04-2001,2.402047701,1.599768067,0.222809225,2.29352758
20-04-2001,2.966388026,0.588974771,2.089106386,0.294588203
21-04-2001,-0.692432825,1.149255076,2.174819317,-2.182745971
22-04-2001,1.28558186,0.348603026,0.511707407,0.799851477
23-04-2001,1.512359838,2.048554139,2.146373787,0.132426508
24-04-2001,0.742849543,-0.768708884,-0.972938916,-1.265886815
25-04-2001,-0.782739865,1.893443945,0.778806965,0.644501814
26-04-2001,0.672865714,0.559354716,0.532398058,1.049136144
27-04-2001,2.51379281,0.744405191,0.279218204,1.661086824
28-04-2001,2.385260554,1.80285777,2.389888607,0.102233237
29-04-2001,1.917600715,2.593955484,1.34246681,0.98681613
30-04-2001,0.922011799,2.240557497,2.110138949,-0.012431323
01-05-2001,0.375484614,0.026437776,0.442170512,-1.960336122
02-05-2001,2.680032657,-1.719020376,-0.09223253,0.039043889
03-05-2001,1.478553899,2.560923021,0.346311878,1.851002778
04-05-2001,2.589852737,0.754539838,0.936341834,0.113669035
05-05-2001,1.689752711,1.797654561,0.951744998,1.96319697
06-05-2001,0.135897089,2.555490368,2.019560432,2.248036441
07-05-2001,1.281463876,0.057936682,1.014175879,2.866015068
08-05-2001,3.183146616,0.087630362,1.726968507,0.008735497
09-05-2001,0.984342804,-0.250521653,0.449750699,-0.30716005
10-05-2001,1.027746428,0.116798099,2.126640702,0.872848256
11-05-2001,-0.243885882,0.520939218,0.987261449,-0.186185593
12-05-2001,0.80734038,1.28486167,0.791823684,1.511087902
13-05-2001,1.74352127,0.798875375,2.101400616,0.817059494
14-05-2001,0.120141923,-0.430445272,-0.020248377,2.655219758
15-05-2001,1.407898397,1.039498198,1.435157133,1.495729269
16-05-2001,0.514303088,1.04303737,-0.284351496,0.896142873
17-05-2001,2.360017445,1.497565055,2.005035179,1.718585087
18-05-2001,2.141089972,-0.220366567,4.210232779,-0.934201347
19-05-2001,1.241358117,0.737929167,-0.562415862,-0.201528079
20-05-2001,1.172708583,-0.031790275,-1.192151305,1.661056358
21-05-2001,0.557237479,0.660716523,1.909313913,-0.050572746
22-05-2001,-0.750941082,1.131436837,1.40669841,2.559043813
23-05-2001,0.159215971,2.050007576,1.208757121,0.275814221
24-05-2001,0.995880821,0.765327935,0.961856932,0.942283042
25-05-2001,2.468894461,1.877865703,0.720974184,0.818660737
26-05-2001,1.666477832,1.46917834,2.410049626,0.967905579
27-05-2001,1.234371041,1.663354855,1.008153441,-0.177331082
28-05-2001,0.705688805,2.6237778,3.494532195,1.80262439
29-05-2001,3.213288657,-0.065767598,1.920545109,1.140740843
30-05-2001,1.327320095,0.286456059,1.955849683,0.231887509
31-05-2001,1.360824348,0.213947996,1.955523663,0.415587146
01-06-2001,-0.400429289,1.510192578,0.618922308,3.404615664
02-06-2001,1.329252339,1.93301908,1.705768419,1.054104088
03-06-2001,0.838565316,0.488263928,0.472463656,1.69645751
04-06-2001,1.101839069,0.67957173,0.912203502,1.02303414
05-06-2001,1.930125437,1.226463702,1.114592875,0.224029195
06-06-2001,1.530619979,1.380991807,0.685697133,1.441839244
07-06-2001,2.014501214,0.999380785,0.246485649,-1.012226339
08-06-2001,1.326037702,0.396452493,1.03444817,0.668891039
09-06-2001,1.420251074,1.675364756,1.721162602,0.132029572
10-06-2001,0.100027884,1.775597933,0.748699019,1.239015102
11-06-2001,3.100026418,2.924575975,0.423913302,0.389080811
12-06-2001,1.689257843,1.969406643,1.57967008,0.8742229
13-06-2001,-0.290551868,1.374960695,-0.182040661,0.789784795
14-06-2001,0.621768717,1.339299427,1.007935023,1.027444661
15-06-2001,0.902770633,0.475772365,0.329545159,2.518971423
16-06-2001,1.103446909,-0.690877246,1.192725586,-0.156066669
17-06-2001,1.665879059,-0.009769706,1.015733874,-0.019029637
18-06-2001,0.612292781,0.554020213,0.087107463,0.411901957
19-06-2001,-0.226921593,1.62231033,1.027308169,-0.403173225
20-06-2001,2.600090501,-0.184952895,-0.73592213,-0.547919226
21-06-2001,2.546293307,-0.094857794,1.847360424,1.030854979
22-06-2001,1.308450133,0.989559013,-0.033586989,2.428005411
23-06-2001,0.571150284,0.903704503,1.90775846,1.768799524
24-06-2001,1.292580955,1.263580519,3.139654873,2.372337397
25-06-2001,0.717595032,0.05512822,1.498807055,2.054700341
26-06-2001,1.61605284,-0.039698346,0.030403672,1.45015093
27-06-2001,1.186116476,1.072423252,2.473332891,-0.218450331
28-06-2001,1.8600896,0.275915548,-0.143141361,1.39214791
29-06-2001,1.226164707,0.702382476,0.217201335,1.681899235
30-06-2001,0.609453363,2.135032701,1.555844778,0.00164964
01-07-2001,1.408335385,1.341878085,0.285684385,0.709199473
02-07-2001,2.419600648,0.567694956,0.287019017,2.327953395
03-07-2001,1.363338672,0.826410717,0.36609763,-0.666404204
04-07-2001,0.885215474,1.573701078,0.879851882,0.869283876
05-07-2001,0.160961832,2.809936209,0.263755037,1.116598804
06-07-2001,1.195107848,1.909078416,-0.017484918,0.019172171
07-07-2001,2.069727613,0.782414311,2.321579763,-0.148713252
08-07-2001,0.744101768,-0.509856898,0.25132361,1.187469295
09-07-2001,0.057386178,1.095016848,0.304576178,0.393890684
10-07-2001,-0.071182624,0.648518629,0.867891329,1.523501564
11-07-2001,-0.047940547,0.959405786,1.393891063,0.844736828
12-07-2001,1.800137843,2.484388067,-0.464930489,0.232143183
13-07-2001,1.218472892,2.231023352,1.180333798,-1.271372211
14-07-2001,-0.300549385,0.270477208,0.485981025,1.318153113
15-07-2001,0.274191195,0.964286115,0.335088549,1.471883059
16-07-2001,0.776328302,2.197455024,-0.448338879,0.522004649
17-07-2001,0.356797816,-0.156094551,0.640519194,1.008295346
18-07-2001,3.52788799,0.509574181,0.303748297,0.285917381
19-07-2001,1.564432681,0.15522971,-1.151843818,0.54663739
20-07-2001,0.871958826,0.097699031,2.329346561,1.078336993
21-07-2001,0.443280699,0.019416928,0.546050401,1.634459042
22-07-2001,1.815304593,0.296104926,1.718922737,2.222367019
23-07-2001,1.349306242,1.915521773,1.930847218,1.123955579
24-07-2001,0.383424454,0.233970341,1.929682839,2.200873306
25-07-2001,-0.663440085,0.806340447,-0.493432197,1.145556823
26-07-2001,1.104363034,-0.284164088,1.89662818,-0.930556136
27-07-2001,0.390248161,0.283260272,1.558902949,1.320290019
28-07-2001,-0.104223736,0.124226403,0.779628025,3.557317647
29-07-2001,-0.127310022,2.648661368,1.601529979,1.767229278
30-07-2001,0.301154495,0.467020731,1.044034467,0.464442324
31-07-2001,0.693025769,0.658455997,1.497677757,1.487866425
01-08-2001,2.621439033,-0.797613057,-0.470041249,-0.483756774
02-08-2001,0.317401699,0.711365612,0.547973607,2.115633519
03-08-2001,-0.098319485,1.72290168,1.945111397,1.645948496
04-08-2001,1.258374012,0.912698778,2.166068885,0.819988575
05-08-2001,1.292936544,1.727212223,0.031143097,0.059474348
06-08-2001,0.719866833,0.653288022,0.538332995,-0.950355109
07-08-2001,0.853341771,1.105065401,-0.08626343,-1.320420666
08-08-2001,-0.867568234,0.422179551,1.41366108,2.096304813
09-08-2001,-0.378365591,1.068598458,1.0097434,3.340132452
10-08-2001,0.809114674,0.877248651,1.058910092,0.885211457
11-08-2001,1.662060542,1.962985571,2.889159627,1.399341664
12-08-2001,2.27992822,1.706863972,1.862620852,1.530195579
13-08-2001,0.018232062,2.146876427,2.014205066,0.870679873
14-08-2001,1.841076475,2.242277618,0.749449598,1.679996365
15-08-2001,2.266389349,0.240362722,2.050777273,1.970962373
16-08-2001,1.891686746,0.481940106,0.547371366,0.931339946
17-08-2001,0.637748808,1.260331169,-0.161463074,0.600735708
18-08-2001,0.150685612,2.164646146,1.93247413,1.75799178
19-08-2001,1.486243268,1.80167326,1.44380021,0.900504062
20-08-2001,0.806517504,0.931321162,1.078842231,0.10019052
21-08-2001,0.178063666,1.716530096,1.30143426,0.446142259
22-08-2001,0.105015856,1.210140319,0.36957902,1.361392239
23-08-2001,1.421203833,1.055316908,2.169273611,0.770901039
24-08-2001,-0.482286021,0.330488178,0.790643794,0.615730854
25-08-2001,-0.405849919,2.278081591,1.129020533,2.110315945
26-08-2001,1.816085726,1.00113729,1.013376347,1.719670637
27-08-2001,1.314904115,-0.795713055,0.014471749,2.425943384
28-08-2001,1.722518448,2.529287565,1.122048001,2.02244475
29-08-2001,-0.111168358,2.108353368,-0.511737887,0.804159273
30-08-2001,1.01589617,2.345762056,-0.256595439,0.078872326
31-08-2001,2.051612428,-0.860459926,2.51274324,-1.31318432
01-09-2001,1.712259442,-0.659451941,1.155785731,1.637920142
02-09-2001,2.000376496,-0.437011596,1.608583671,3.156880169
03-09-2001,1.88590598,2.049967748,0.658502107,-0.202865403
04-09-2001,1.132624218,0.965472825,0.780616187,1.027721981
05-09-2001,1.275790571,0.173520176,1.910374124,1.526637858
06-09-2001,0.478450464,-0.296189228,2.449383511,1.391747607
07-09-2001,1.632698375,1.403090051,2.159864757,0.410382178
08-09-2001,0.75853284,-0.346410657,0.060265239,1.314808424
09-09-2001,1.163943577,0.179531057,0.240470953,1.026174822
10-09-2001,2.320455048,1.092002903,1.0244682,0.344632611
11-09-2001,1.079205588,1.91658684,2.605170283,1.530093945
12-09-2001,0.120384739,0.848445817,0.614932114,0.03215356
13-09-2001,0.048508554,-0.96662687,-0.324275546,2.430077514
14-09-2001,0.78109099,0.197475071,0.795962276,-0.554421106
15-09-2001,0.099427115,-0.86568425,1.052580772,0.901971849
16-09-2001,0.542995503,1.144391984,1.061501218,0.842928768
17-09-2001,-0.008517194,2.391120459,0.722037714,-0.5028709
18-09-2001,1.452215035,1.912155309,1.92282233,3.520136319
19-09-2001,-0.219836604,0.030660563,1.858545409,-0.206321624
20-09-2001,2.09039623,1.24739149,-1.128065628,3.500773794
21-09-2001,1.145974198,1.327401779,0.72829246,0.659813174
22-09-2001,0.864248669,1.498693316,0.449101355,-0.406131
23-09-2001,0.63699322,1.604999648,2.588872895,2.692374431
24-09-2001,0.360729569,-0.278946913,-0.222783346,0.838134271
25-09-2001,-0.633002404,1.53663412,0.991139221,-0.728442909
26-09-2001,0.183138802,0.268843831,1.420019789,0.697018868
27-09-2001,0.814386182,1.48155479,0.579941844,2.445614691
28-09-2001,-0.160240006,2.0386155,2.855904685,-0.111097858
29-09-2001,0.924699286,1.085877194,1.650837641,0.424343767
30-09-2001,0.65899562,1.859908782,1.143823086,1.58149034
01-10-2001,-1.393495121,2.406063929,-0.081182813,0.988402275
02-10-2001,1.500732179,2.063867076,2.056988177,0.074063638
03-10-2001,2.286338409,1.5324062,2.430052063,0.050319422
04-10-2001,1.703805196,-1.117278348,1.300908753,0.350627577
05-10-2001,0.677525641,1.488394285,1.017954515,0.598065345
06-10-2001,1.44113043,0.834327495,-0.096470778,0.364924656
07-10-2001,1.450161672,1.161491611,-0.501662761,-0.304648335
08-10-2001,-0.126649868,1.100732376,1.412045204,0.89618633
09-10-2001,1.614600396,1.327237428,-0.163533103,-0.092423087
10-10-2001,2.524476402,1.456086563,2.143912179,1.784716957
11-10-2001,0.447149848,2.128868363,1.276736069,0.826548867
12-10-2001,2.122787423,2.753481247,-1.185621291,0.905202248
13-10-2001,0.394684824,-0.236498082,0.463357792,2.974515187
14-10-2001,1.813000944,1.217430086,1.436940999,0.157248421
15-10-2001,2.676254889,2.464937806,-1.384478006,-0.09726949
16-10-2001,-0.175954906,1.736714982,1.085011654,0.624639058
17-10-2001,1.079380847,0.974098192,1.252865143,0.466973797
18-10-2001,-0.120619194,2.102770049,1.549963339,2.111159004
19-10-2001,-0.975262847,-0.325188334,0.494462955,1.734064097
20-10-2001,0.839727215,1.582029561,1.167440166,0.927063365
21-10-2001,-0.166799928,1.539995458,0.957164169,1.353274875
22-10-2001,2.313219548,-0.995716352,1.13727116,1.875821809
23-10-2001,0.533778557,0.973618994,-0.889125691,0.761883989
24-10-2001,0.372372999,0.599107857,0.910033441,2.591600968
25-10-2001,1.430952474,1.19595273,0.712902113,0.00295801
26-10-2001,0.540975842,1.444653034,2.071506892,-0.467530429
27-10-2001,0.911487554,2.462930026,0.532624863,-0.726531277
28-10-2001,1.953418018,1.261937312,0.953126441,1.697979291
29-10-2001,0.74751897,2.667139183,-0.908366123,0.910263476
30-10-2001,2.81856173,0.344070564,2.474306264,-0.456607759
31-10-2001,3.226213723,1.650774027,-0.405789903,1.532482331
01-11-2001,2.25415988,0.588345384,0.19443725,0.07967935
02-11-2001,2.667042617,0.426029222,-0.097202121,0.800067145
03-11-2001,0.971511771,1.527436932,0.944015374,1.794284638
04-11-2001,1.544007219,1.56495904,-0.425485006,-1.678608129
05-11-2001,1.077748288,1.183895319,0.88988139,0.474414095
06-11-2001,1.165019613,2.08706554,1.229943181,1.921874974
07-11-2001,1.060722387,2.297056586,1.09139516,0.579968529
08-11-2001,0.408380469,1.30081394,1.403750893,0.802884344
09-11-2001,0.817829818,2.890724641,0.812669847,0.88376451
10-11-2001,-0.186747296,1.286321563,0.747875142,3.045805641
11-11-2001,-0.262043614,1.407541856,1.272418076,0.246473184
12-11-2001,-0.037044828,1.307931575,-0.304397163,0.396660223
13-11-2001,1.313204856,1.301853195,2.052883425,1.840150786
14-11-2001,0.72650562,3.00062221,1.262243582,0.140387293
15-11-2001,0.672543846,1.521366917,2.28277288,-0.771279946
16-11-2001,3.105826382,0.938444356,1.661244736,2.444373497
17-11-2001,1.122663555,0.117535972,2.502396903,2.730546501
18-11-2001,0.26561457,-0.657059219,2.225696017,-0.089167291
19-11-2001,1.682647767,0.972618905,0.874180279,0.354245293
20-11-2001,0.329792772,1.833940474,1.218145878,-0.199249117
21-11-2001,-0.841570499,-0.210433891,-0.099588591,1.764365363
22-11-2001,0.304948336,-0.00897583,0.916135567,-0.920632809
23-11-2001,1.645116751,1.478041921,1.159760765,0.271144529
24-11-2001,-0.364958313,0.610643329,0.112092526,0.809754489
25-11-2001,1.496568667,-1.530952696,1.621591145,1.132248229
26-11-2001,1.853589619,-0.749601651,3.188133762,2.561417901
27-11-2001,-0.829534009,0.502907395,0.460622407,2.054986883
28-11-2001,1.229261369,1.949401955,2.048727062,0.352882297
29-11-2001,2.292165764,0.838784164,0.32534123,0.846664637
30-11-2001,0.48803477,2.870759232,1.123355433,0.580240761
01-12-2001,1.229457719,1.402489768,0.543678953,0.829874788
02-12-2001,0.973915454,-0.690733026,-0.673693998,2.168806141
03-12-2001,2.263139398,-0.424148306,4.342484456,-0.036416251
04-12-2001,1.386814694,1.407999531,0.823839733,-0.952988202
05-12-2001,0.872715578,1.167920887,-0.776688124,0.719786882
06-12-2001,2.472319342,0.746995821,0.810742162,2.133697095
07-12-2001,0.300990517,1.664093137,1.770819401,2.099654146
08-12-2001,-0.115224107,0.616153143,2.456792109,2.60174411
09-12-2001,1.228724805,0.908922296,0.007690796,-0.291216688
10-12-2001,1.431010988,1.85406365,-0.089234971,-0.006687627
11-12-2001,0.116544089,0.623916933,2.387992147,1.111552098
12-12-2001,0.363695204,1.680362058,1.797665649,-1.134076523
13-12-2001,2.065282741,0.700669278,2.117874783,0.135303666
14-12-2001,0.775977724,-0.043584303,1.616104435,3.412325721
15-12-2001,0.731562842,0.508359926,0.371934714,0.781124734
16-12-2001,0.923177008,1.99775163,2.020903863,0.719366707
17-12-2001,1.867268262,0.750746008,2.108090099,0.978674801
18-12-2001,-0.157423159,-0.078974318,0.617229966,1.499296428
19-12-2001,1.034684033,3.086956798,2.474657906,1.079121554
20-12-2001,1.064676221,-0.153432669,0.406586075,0.736705751
21-12-2001,0.856363933,0.904995684,0.969354784,0.502202273
22-12-2001,1.561028773,2.311736446,0.829863401,-0.836068352
23-12-2001,0.648864681,0.758243499,0.862285415,1.493995412
24-12-2001,0.901812328,0.67739845,2.171295339,0.422215556
25-12-2001,1.770341855,0.191419848,0.526388882,1.768966017
26-12-2001,1.005712726,0.211922187,0.402680683,-0.313448153
27-12-2001,1.931885919,2.260673323,1.05315891,2.154286991
28-12-2001,0.714654696,-0.982008383,0.58507103,2.80349892
29-12-2001,0.333723588,0.539796004,1.75970638,0.805215479
30-12-2001,1.752663109,1.996118897,1.994817321,1.601480142
31-12-2001,-0.110700484,2.383374938,-0.300077862,1.983043674
01-01-2002,0.56624229,1.303047136,0.341889677,2.292400012
02-01-2002,0.349399891,1.127842546,2.834814312,-0.020696089
03-01-2002,-0.05003957,-0.514991672,1.814764036,1.648453647
04-01-2002,0.408753151,1.984150122,2.117626224,1.007003998
05-01-2002,2.043036511,1.110488538,0.275923527,1.841824915
06-01-2002,-1.582656297,1.503432803,1.428454651,-0.703262222
07-01-2002,0.791671226,1.579361356,1.485834527,2.159673652
08-01-2002,0.219796553,2.392255969,2.538162449,2.326380434
09-01-2002,0.360276013,1.243142518,0.58799017,0.98699579
10-01-2002,0.193133572,-0.121563156,1.08681941,1.478244517
11-01-2002,0.886625078,0.224862764,1.475455869,-1.591955798
12-01-2002,1.35822254,0.12253412,2.702050635,0.954988374
13-01-2002,1.574208302,1.283663027,0.883420354,0.4025409
14-01-2002,0.904036249,0.839593118,1.001042117,1.337990838
15-01-2002,0.514532747,-0.02523187,3.164941922,1.803982353
16-01-2002,0.565002776,0.682227063,-0.869600476,1.536095284
17-01-2002,2.114567087,2.099015477,1.614546348,3.350507808
18-01-2002,1.542065062,1.599419252,2.701399002,2.705189965
19-01-2002,-1.690286762,2.45855683,1.195323271,0.69588594
20-01-2002,1.63246082,0.528136451,0.643954332,0.434782504
21-01-2002,-0.86567089,1.581757048,-0.508820817,-1.836327463
22-01-2002,1.938911441,1.557793035,2.909166587,1.760978029
23-01-2002,0.042894497,0.917802139,1.578971034,0.575026002
24-01-2002,1.6477268,1.821200246,2.430540065,0.719739863
25-01-2002,0.677480955,1.418567248,0.574021449,0.939897504
26-01-2002,1.411308529,1.533937034,0.151631481,2.52824853
27-01-2002,1.269201095,1.20684073,2.123023059,2.435392261
28-01-2002,0.757320058,-0.423233806,0.66452521,-0.252950927
29-01-2002,0.882328769,0.185574898,0.647055648,0.712306837
30-01-2002,-0.347062898,0.016268248,1.651127338,0.867713598
31-01-2002,1.239507147,0.959283822,-0.436451119,1.183277523
01-02-2002,0.278876556,0.101037694,2.694173439,-0.570917682
02-02-2002,0.810579678,0.801527675,0.309181164,0.550720645
03-02-2002,0.867199822,1.194611322,1.496351557,1.512112307
04-02-2002,0.088020726,1.652154937,-0.456530028,1.490386605
05-02-2002,1.285763416,2.202430413,1.071304652,0.714815293
06-02-2002,0.472760315,-0.552058577,0.454757397,2.016414842
07-02-2002,1.53320906,-0.792624144,1.249409636,0.370554867
08-02-2002,0.98831011,1.435173203,1.428508813,0.916512165
09-02-2002,0.02971489,1.880440526,1.875822807,-0.854863466
10-02-2002,0.721046953,0.440678926,1.839757707,1.727784344
11-02-2002,-0.664338262,1.459468405,0.317262874,1.302330334
12-02-2002,1.049784445,1.68038711,-0.431648358,0.53429528
13-02-2002,2.446212475,1.962620202,2.352501537,0.172996551
14-02-2002,-0.202853994,3.199980333,1.471110621,2.659645932
15-02-2002,0.387476643,1.007453683,-0.877887198,3.209255233
16-02-2002,2.960202551,2.701220724,-0.370544365,2.119893926
17-02-2002,4.412236268,-0.292606084,1.546363351,1.097304077
18-02-2002,1.409287663,0.197581854,0.271415159,-1.59635387
19-02-2002,0.66110808,0.05128066,0.033473051,0.194101402
20-02-2002,1.612180437,1.916647021,0.886362475,1.667417836
21-02-2002,0.932909585,1.085059457,4.271578141,0.955275818
22-02-2002,-0.376263228,1.486253712,0.051053625,1.662739286
23-02-2002,1.64436331,-0.185978287,1.113450842,2.151058112
24-02-2002,0.739748628,0.797111913,1.633285369,-1.27366851
25-02-2002,1.074634771,0.81412337,-0.32617923,-0.067854756
26-02-2002,0.360781984,0.824917812,0.24178113,0.715729276
27-02-2002,2.194021619,2.399630835,1.861162696,2.192850757
28-02-2002,0.467147374,1.39729702,0.027424349,2.06990047
01-03-2002,1.009745442,0.157280309,1.8896585,0.499702426
02-03-2002,1.324667208,-1.455976261,-1.987971139,1.399205724
03-03-2002,0.379421075,1.436235112,-1.071426995,0.736160852
04-03-2002,0.96772651,2.443486444,1.954298969,0.875812754
05-03-2002,0.717177291,2.30286514,-0.266642847,1.202349498
06-03-2002,1.132276616,0.604861063,0.439743201,2.030881983
07-03-2002,2.250975563,-0.157466948,1.321592049,1.55086514
08-03-2002,1.843235248,1.152641395,1.44297424,2.206531986
09-03-2002,0.91338786,2.377137657,2.293855845,1.564539435
10-03-2002,1.654204795,-0.605669271,1.32575983,0.307607586
11-03-2002,1.521605736,-0.058091478,0.417562605,0.877190109
12-03-2002,1.736050954,0.796112363,1.495767144,-0.412474972
13-03-2002,0.181028868,1.197771751,2.130561748,1.30044053
14-03-2002,1.785574558,0.579083106,2.217009273,-0.938911931
15-03-2002,0.733392403,-0.971184411,-0.892072707,0.825117332
16-03-2002,1.051541545,0.799819922,0.326501623,0.391750915
17-03-2002,2.027790495,1.166103399,1.243020844,-0.248919354
18-03-2002,2.605904433,0.365399284,0.193706416,0.967068268
19-03-2002,0.396258138,3.774032009,-1.125686286,1.019261948
20-03-2002,1.293302325,1.697619295,3.608705895,2.817866027
21-03-2002,0.279800603,0.762024281,1.931912249,1.028314125
22-03-2002,0.442754521,1.037053659,2.167826296,1.965384556
23-03-2002,1.875898009,1.104454259,0.460197999,0.337205668
24-03-2002,1.320333022,-0.133015128,1.42964448,-0.225345908
25-03-2002,0.345264218,2.876762704,-0.156083584,2.57053154
26-03-2002,1.12962934,-0.14889051,0.955659245,0.051931496
27-03-2002,1.005718277,2.219071279,0.723274945,2.224770464
28-03-2002,1.290594052,-0.103601162,1.576434161,-0.429910796
29-03-2002,3.376207627,-0.464279429,1.511633934,3.151666823
30-03-2002,-0.713759656,-0.051855999,0.868760118,0.343667267
31-03-2002,1.223396956,0.425435926,0.26157571,0.304935984
01-04-2002,1.262131472,1.072434385,2.388574361,-0.590627067
02-04-2002,-0.065779891,1.166313961,0.511746705,0.438636782
03-04-2002,1.946367814,0.167376683,1.270517858,1.438001453
04-04-2002,0.809308752,2.604610473,0.117093973,0.086127759
05-04-2002,1.076385124,-0.617054023,1.334794359,1.502952213
06-04-2002,-0.325138124,0.524673647,1.421853195,0.634991268
07-04-2002,-0.415360096,1.395943926,0.832970633,1.296996228
08-04-2002,0.234750035,1.823367163,-0.331658648,1.745251785
09-04-2002,-1.370752521,0.62812419,-1.50920026,2.422430741
10-04-2002,0.498471513,0.070467999,1.249592957,1.464967873
11-04-2002,0.296262245,1.016069314,0.713994474,1.744369329
12-04-2002,0.434984807,2.437409706,0.12119065,0.135291528
13-04-2002,0.686891444,1.514021468,-0.496109595,0.515375431
14-04-2002,-0.237107058,-1.102785897,-0.127898449,-0.406600684
15-04-2002,-0.345334181,1.705905103,0.865164665,1.684320604
16-04-2002,-0.298963927,1.573505513,0.639907254,2.250305402
17-04-2002,-0.068926951,0.216141394,0.753139051,1.182366605
18-04-2002,1.204667734,0.803256367,0.639254581,-1.03041209
19-04-2002,1.171894762,1.742872441,0.8452708,-0.544389743
20-04-2002,-0.758451328,0.767210487,1.794280794,1.622592493
21-04-2002,0.76349934,1.57338177,-0.231565785,1.513065184
22-04-2002,1.018177063,1.361777925,0.486046743,1.49271481
23-04-2002,0.746694945,1.758465637,1.331081371,-0.35590754
24-04-2002,-0.493477561,1.227602182,2.51588402,1.213397986
25-04-2002,2.178071852,1.777650097,1.091140162,1.054931015
26-04-2002,-0.237898074,1.848718238,0.176600009,3.806571909
27-04-2002,1.769107763,2.16944975,0.89620934,2.693153703
28-04-2002,1.147841489,-0.710419937,2.870051193,0.840838524
29-04-2002,1.856748861,-0.628273493,1.880674748,1.648743312
30-04-2002,-0.556678212,1.981102064,-0.113296399,1.284444187
01-05-2002,0.589812809,0.825027355,-0.171768838,1.403292094
02-05-2002,0.609255953,-0.256448466,0.908413241,1.701676777
03-05-2002,1.539452595,2.70997867,0.035273486,0.567632416
04-05-2002,1.632926554,1.047837628,1.840214167,0.650502789
05-05-2002,1.86799635,-0.465214625,-1.09058221,1.249221018
06-05-2002,2.042736553,1.324134715,0.812116414,1.263876768
07-05-2002,1.121824044,0.897017326,1.125135638,2.290331927
08-05-2002,0.890657871,1.436250307,0.163579811,1.503597693
09-05-2002,0.425439029,1.210497712,0.520251142,2.354484802
10-05-2002,2.076639818,1.260667177,0.004286316,2.894854704
11-05-2002,0.487834282,0.853674779,0.760004279,2.712592435
12-05-2002,0.481260854,0.828866172,1.777411889,0.743149115
13-05-2002,0.117475647,1.008527946,1.431393722,0.147265793
14-05-2002,2.958019939,1.008863511,1.352177032,2.739932339
15-05-2002,1.007917437,2.119466753,1.766154545,0.900920137
16-05-2002,2.095741121,2.94044714,1.594742043,0.770258697
17-05-2002,0.783026686,2.098284463,-0.382075228,1.157121706
18-05-2002,0.879434011,1.238048653,0.552192096,0.897893099
19-05-2002,1.129556635,0.248507361,1.324554727,2.41441668
20-05-2002,1.994688277,1.685244604,0.816154015,0.044828999
21-05-2002,0.819099058,1.498493345,0.831674635,0.435331
22-05-2002,0.744150845,0.010493582,2.374715098,0.836705438
23-05-2002,0.365362974,-0.053572562,1.052170178,2.194734592
24-05-2002,2.123006718,0.032674352,-0.202288428,1.901438644
25-05-2002,0.453831806,0.366443258,2.732083873,1.549689081
26-05-2002,-0.11313734,-1.154050027,1.340675427,0.324175974
27-05-2002,1.020690745,1.555897626,1.715116766,2.952826212
28-05-2002,1.554216886,0.640238764,0.526400685,0.483015482
29-05-2002,-1.004073913,-0.504359477,0.243864299,0.513484374
30-05-2002,0.710415723,0.151293602,2.65098796,2.679072595
31-05-2002,1.147752275,2.604581324,1.874322854,0.988173436
01-06-2002,2.334113878,1.642820798,1.400849674,0.889105648
02-06-2002,0.527105535,1.673688408,1.555335634,1.093597832
03-06-2002,0.724234631,2.377852419,1.937277452,1.914398146
04-06-2002,1.239233617,2.282587798,0.237797611,-0.313865848
05-06-2002,2.053568,0.251734526,0.627519279,2.947606947
06-06-2002,-0.307925361,0.573562958,0.43094544,0.60820873
07-06-2002,0.982580764,2.092340704,1.354595256,0.857569875
08-06-2002,0.633263738,1.16615467,3.490379475,0.936005032
09-06-2002,2.391864728,1.741354313,-1.057609977,-1.726309984
10-06-2002,0.879264371,1.974580697,-0.254278886,2.15693127
11-06-2002,1.904828531,0.873935708,0.224275556,-0.229865139
12-06-2002,1.960950875,3.13431483,-0.249754798,0.205858568
13-06-2002,2.905784189,-0.097829164,0.581936096,1.741534751
14-06-2002,0.246364237,0.822057466,-0.333893083,3.184709766
15-06-2002,1.300400751,0.918852459,0.22568638,0.377690052
16-06-2002,1.977138644,1.77149269,-0.284646443,-0.231947824
17-06-2002,-0.369640829,-0.184400211,2.654783987,1.184461761
18-06-2002,2.686574983,0.008173616,-0.080520217,0.993264963
19-06-2002,-0.061523774,-0.771522187,1.536651513,0.545966928
20-06-2002,-0.157382895,-0.795116397,-0.199321122,1.05615653
21-06-2002,-0.172616617,1.387649448,1.120999045,-1.518938376
22-06-2002,1.297304362,1.15603651,-0.826698352,1.665006246
23-06-2002,0.211019206,-0.014578363,1.404712527,0.933603451
24-06-2002,1.46302229,0.906871526,1.24989046,0.029876565
25-06-2002,1.180474829,0.941205225,1.165078601,0.857944859
26-06-2002,1.90140768,1.747904982,0.803561764,0.440361974
27-06-2002,0.361799907,-0.052429717,0.450925978,-1.267497605
28-06-2002,2.066877646,2.525366241,0.550610776,1.283805149
29-06-2002,0.745069361,-0.374542919,1.414057177,-1.154710278
30-06-2002,0.950638992,0.672255643,0.646503309,0.909759614
01-07-2002,2.486359023,1.834704809,2.113699433,-0.416105368
02-07-2002,-1.017368887,0.276804171,0.375470565,0.508963399
03-07-2002,0.028563019,1.054060431,0.524806859,-0.261534338
04-07-2002,2.205948485,1.648235863,0.968265998,0.351264997
05-07-2002,1.590312232,2.06903206,1.235458182,2.231878703
06-07-2002,1.128894474,2.820135955,1.668890339,0.78275666
07-07-2002,-0.054199511,3.383399564,1.702490522,1.763443236
08-07-2002,-0.530556926,0.324925163,0.42259793,0.122471727
09-07-2002,0.927186216,0.644604618,1.343856009,1.003010863
10-07-2002,1.147348612,0.730138784,1.349977577,0.647739812
11-07-2002,1.161966934,3.169883165,0.501347899,0.25343329
12-07-2002,-0.203778929,1.076280365,1.997116611,0.137062761
13-07-2002,1.98795556,0.702324239,2.262000341,0.847913488
14-07-2002,0.733305983,1.270542044,1.761775043,1.45373875
15-07-2002,0.365411088,1.419902516,3.308077284,0.442397643
16-07-2002,0.375101625,2.001865523,0.26107192,3.442447262
17-07-2002,2.158991792,2.220534903,0.571189835,-0.272158616
18-07-2002,1.118548403,1.675486264,1.443051506,0.893747161
19-07-2002,1.262531013,2.026434557,0.23010649,1.671141398
20-07-2002,0.606751558,0.067839151,1.899596386,-0.710781437
21-07-2002,0.771352009,-0.235788923,1.355709066,0.355583087
22-07-2002,0.166155976,3.196850514,1.186702756,1.61241526
23-07-2002,2.475165657,0.752181602,0.239755077,0.512427198
24-07-2002,0.490969209,1.734754845,1.736368427,1.807751025
25-07-2002,2.354689588,1.069328123,2.003005687,0.164014073
26-07-2002,2.884714667,1.636363547,0.331483647,0.413305971
27-07-2002,-0.446530848,0.834317259,0.749780558,-0.589304159
28-07-2002,0.345672454,1.265057572,-0.714836434,0.689491027
29-07-2002,0.327859817,1.590688184,-0.22407085,2.050124404
30-07-2002,1.546865916,0.8388697,2.255090994,0.837639211
31-07-2002,1.638731351,2.619062715,0.843636612,-0.433806659
01-08-2002,0.74616122,0.292413042,-0.228227547,1.166928942
02-08-2002,0.520001967,0.772490245,0.99569001,0.572587221
03-08-2002,-0.981294857,0.7915756,2.42328648,0.779418549
04-08-2002,0.705595751,0.560479841,0.887584305,-0.553349526
05-08-2002,1.611497389,3.61821145,2.775402657,2.199814661
06-08-2002,0.174085834,1.602744761,1.290895753,3.038426884
07-08-2002,3.309808613,0.868459825,0.262971722,0.344159071
08-08-2002,0.846087948,-0.150430768,1.163424212,1.312616398
09-08-2002,1.004034044,1.256369748,2.21445708,0.274597255
10-08-2002,0.86113138,2.053386087,0.997333838,1.092099527
11-08-2002,3.883918694,2.626665153,2.02055787,1.921622024
12-08-2002,1.265769884,1.118466895,-0.247757345,3.533278129
13-08-2002,-0.923548857,-0.374820712,-0.01226361,2.642169172
14-08-2002,1.227303864,0.631934102,2.373385245,0.115441437
15-08-2002,1.765096675,-0.397459905,0.740668113,0.118815446
16-08-2002,0.57173738,1.26493138,1.494228692,-1.564364244
17-08-2002,2.944469403,1.900349705,0.799062103,0.239628964
18-08-2002,0.242976752,0.790513099,0.119700154,1.740464361
19-08-2002,0.630309934,-0.028162147,0.655570208,3.09504845
20-08-2002,1.840240371,1.18247078,0.728586337,0.061878753
21-08-2002,-0.267846505,-0.748878276,1.486892718,1.167995738
22-08-2002,1.327255438,-0.237657376,-0.13547547,0.392922632
23-08-2002,1.963294323,0.891026137,1.270749367,0.741540033
24-08-2002,0.296053735,-0.364154116,3.372785627,0.46397148
25-08-2002,2.130270132,1.593394492,1.851256272,-0.033485576
26-08-2002,-1.598160252,-0.308895302,-0.55138933,2.08475852
27-08-2002,0.869109299,0.785091273,-0.030337204,1.498593769
28-08-2002,0.05444939,2.420894985,0.410222312,1.68348188
29-08-2002,-0.225698827,1.393891726,0.49862367,-1.230748348
30-08-2002,1.802524949,2.701675376,0.397555233,0.18923814
31-08-2002,0.768389978,1.240685316,1.060443852,0.93586474
01-09-2002,0.961768351,0.737042444,-0.334062156,2.496057831
02-09-2002,2.032861686,0.58585749,0.818047428,0.30760608
03-09-2002,-1.383108357,0.497417107,1.637457951,1.736151889
04-09-2002,1.880474798,1.95975894,0.475405462,2.52584108
05-09-2002,2.376325797,0.954001786,0.756303808,0.491485848
06-09-2002,0.393570677,1.156255423,0.957153079,1.831485322
07-09-2002,1.305145576,2.996391149,1.684396621,0.879799655
08-09-2002,0.562265934,-0.384751762,0.400606345,2.017044131
09-09-2002,0.395515059,0.841500246,0.02966562,0.394070299
10-09-2002,2.478641947,0.186517744,0.02047212,2.810999125
11-09-2002,2.775791777,2.126894765,1.50061792,0.348330639
12-09-2002,0.703430845,1.605436937,0.768291733,1.279034934
13-09-2002,0.532359659,0.673424642,0.020507549,1.931248092
14-09-2002,1.593389088,2.268348434,0.422307037,0.825320897
15-09-2002,0.396652025,2.642517362,2.012129161,0.687380388
16-09-2002,1.049240432,-1.714692872,0.270590273,1.065314295
17-09-2002,2.151561654,1.841400607,0.18617653,1.583116556
18-09-2002,1.190293344,2.71024545,0.702076233,-1.05415821
19-09-2002,0.755552445,-0.09052583,1.976215955,0.137387702
20-09-2002,1.350934399,2.748256813,2.531208804,1.624108635
21-09-2002,0.960646178,0.698320851,0.157351014,0.914417784
22-09-2002,2.013896531,0.711320283,0.657704818,0.361463187
23-09-2002,0.357341133,0.895274812,0.368171072,0.090517111
24-09-2002,1.370135743,1.233218509,1.535896757,-0.552604668
25-09-2002,1.183338996,2.285783275,-0.052593012,-1.565843638
26-09-2002,1.775133195,0.14962572,1.486728045,-0.053426607
